IDNotaFiscal,DescricaoItem,Qtde
536990,VINTAGE PAISLEY STATIONERY SET,6
536990,LUNCH BAG SUKI  DESIGN ,10
536990,LUNCH BAG CARS BLUE,14
536990,RED RETROSPOT LUGGAGE TAG,12
536990,RED HEART LUGGAGE TAG,12
536990,POSTAGE,1
536990,LUNCH BAG WOODLAND,10
537246,3 STRIPEY MICE FELTCRAFT,6
537246,FELTCRAFT DOLL ROSIE,6
537246,JUMBO STORAGE BAG SUKI,10
537246,JUMBO SHOPPER VINTAGE RED PAISLEY,10
537246,LUNCH BAG WOODLAND,10
537246,LUNCH BAG CARS BLUE,10
537246,POSTAGE,1
537818,HAND WARMER BIRD DESIGN,12
537818,DOORMAT RED RETROSPOT,2
537818,DOORMAT AIRMAIL ,2
537818,TOAST ITS - I LOVE YOU ,12
537818,TOAST ITS - BEST MUM,12
537818,TOAST ITS - HAPPY BIRTHDAY,12
537818,COOKING SET RETROSPOT,6
537818,GRAND CHOCOLATECANDLE,9
537818,METAL SIGN TAKE IT OR LEAVE IT ,6
537818,NATURAL SLATE HEART CHALKBOARD ,6
537818,DOORSTOP FOOTBALL DESIGN,4
537818,DOORSTOP RETROSPOT HEART,4
537818,SET OF 3 NOTEBOOKS IN PARCEL,12
537818,FRIDGE MAGNETS LES ENFANTS ASSORTED,12
537818,RETROSPOT HEART HOT WATER BOTTLE,3
537818,HOT WATER BOTTLE TEA AND SYMPATHY,4
537818,FAWN BLUE HOT WATER BOTTLE,6
537818,CREAM SLICE FLANNEL PINK SPOT ,6
537818,FAIRY CAKE FLANNEL ASSORTED COLOUR,9
537818,CHOCOLATE CALCULATOR,12
537818,PLASTERS IN TIN WOODLAND ANIMALS,12
537818,PLASTERS IN TIN CIRCUS PARADE ,12
537818,PLASTERS IN TIN VINTAGE PAISLEY ,12
537818,RED GINGHAM TEDDY BEAR ,6
537818,S/6 WOODEN SKITTLES IN COTTON BAG,6
537818,PIGGY BANK RETROSPOT ,12
537818,CERAMIC PIRATE CHEST MONEY BANK,12
537818,TV DINNER TRAY AIR HOSTESS ,3
537818,BINGO SET,8
537818,A4 WALL TIDY BLUE OFFICE,12
537818,CD WALL TIDY RED FLOWERS,12
537818,WALL TIDY RETROSPOT ,5
537818,MAGAZINE RACK GEBRA ASSORTED ,6
537818,RED RETROSPOT TRADITIONAL TEAPOT ,4
537818,RED RETROSPOT SUGAR JAM BOWL,6
537818,RED RETROSPOT BUTTER DISH,6
537818,RED RETROSPOT MUG,6
537818,RED RETROSPOT STORAGE JAR,4
537818,LUNCH BOX WITH CUTLERY RETROSPOT ,6
537818,RECIPE BOX RETROSPOT ,12
537818,SET OF 20 KIDS COOKIE CUTTERS,12
537818,SET OF 3 HEART COOKIE CUTTERS,12
537818,SET OF 3 BUTTERFLY COOKIE CUTTERS,12
537818,GINGERBREAD MAN COOKIE CUTTER,12
537818,TEA TIME KITCHEN APRON,3
537818,PING MICROWAVE APRON,3
537818,RED RETROSPOT APRON ,3
537818,CHILDREN'S APRON DOLLY GIRL ,6
537818,RETROSPOT CHILDRENS APRON,8
537818,GROW YOUR OWN FLOWERS SET OF 3,2
537818,GROW YOUR OWN PLANT IN A CAN ,24
537818,GROW YOUR OWN BASIL IN ENAMEL MUG,8
537818,POSTAGE,6
537915,TRADITIONAL WOODEN SKIPPING ROPE,12
537915,TRADITIONAL WOODEN CATCH CUP GAME ,12
537915,BOX OF VINTAGE JIGSAW BLOCKS ,3
537915,BOX OF VINTAGE ALPHABET BLOCKS,2
537915,BINGO SET,4
537915,RED  HARMONICA IN BOX ,12
537915,VINTAGE HEADS AND TAILS CARD GAME ,12
537915,WOODEN BOX OF DOMINOES,12
537915,WOODEN SCHOOL COLOURING SET,12
537915,BLACK/BLUE POLKADOT UMBRELLA,6
537915,RED RETROSPOT UMBRELLA,6
537915,MINI JIGSAW CIRCUS PARADE ,24
537915,POSTAGE,1
538311,LUNCH BAG CARS BLUE,10
538311,LUNCH BAG SUKI  DESIGN ,10
538311,JUMBO STORAGE BAG SUKI,10
538311,SET OF 3 NOTEBOOKS IN PARCEL,12
538311,JUMBO SHOPPER VINTAGE RED PAISLEY,10
538311,JUMBO BAG SCANDINAVIAN PAISLEY,10
538311,JUMBO BAG PINK VINTAGE PAISLEY,10
538311,COSMETIC BAG VINTAGE ROSE PAISLEY,20
538311,LAVENDER SCENTED FABRIC HEART,10
538311,LUNCH BAG RED RETROSPOT,10
538311,JUMBO BAG RED RETROSPOT,10
538311,RECIPE BOX BLUE SKETCHBOOK DESIGN,6
538311,BREAD BIN DINER STYLE IVORY,1
538311,POSTAGE,2
C538882,VINTAGE HEADS AND TAILS CARD GAME ,-12
C538882,TRADITIONAL WOODEN CATCH CUP GAME ,-12
C538882,TRADITIONAL WOODEN SKIPPING ROPE,-12
C538889,BOX OF VINTAGE JIGSAW BLOCKS ,-3
539353,JAM MAKING SET WITH JARS,12
539353,COLOURING PENCILS BROWN TUBE,20
539353,S/4 CACTI CANDLES,4
539353,WOODEN FRAME ANTIQUE WHITE ,6
539353,HOME BUILDING BLOCK WORD,3
539353,BATH BUILDING BLOCK WORD,3
539353,WHITE HANGING HEART T-LIGHT HOLDER,6
539353,RECIPE BOX PANTRY YELLOW DESIGN,6
539353,RECIPE BOX RETROSPOT ,6
539353,12 PENCILS TALL TUBE RED RETROSPOT,24
539353,RETROSPOT CHILDRENS APRON,8
539353,SET/3 RED GINGHAM ROSE STORAGE BOX,4
539353,TRADITIONAL WOODEN CATCH CUP GAME ,12
539353,BLUE HARMONICA IN BOX ,12
539353,RED  HARMONICA IN BOX ,12
539353,PINK FAIRY CAKE CHILDRENS APRON,8
539353,RED GINGHAM TEDDY BEAR ,6
539353,IVORY HANGING DECORATION  BIRD,12
539353,TRADITIONAL WOODEN SKIPPING ROPE,12
539353,PINK GINGHAM CAT WITH SCARF,6
539353,FLORAL SOFT CAR TOY,8
539353,POSTAGE,3
C540142,RECIPE BOX RETROSPOT ,-2
C540142,RECIPE BOX PANTRY YELLOW DESIGN,-1
C540142,SET/3 RED GINGHAM ROSE STORAGE BOX,-1
C540142,JAM MAKING SET WITH JARS,-12
540519,LUNCH BAG RED RETROSPOT,20
540519,LUNCH BAG SUKI  DESIGN ,40
540519,LUNCH BAG PINK POLKADOT,10
540519,LUNCH BAG WOODLAND,20
540519,LUNCH BAG DOLLY GIRL DESIGN,10
540519,CHARLOTTE BAG SUKI DESIGN,20
540519,CHARLOTTE BAG DOLLY GIRL DESIGN,10
540519,WOODLAND CHARLOTTE BAG,10
540519,RED RETROSPOT CHARLOTTE BAG,10
540519,RED RETROSPOT SHOPPER BAG,20
540519,SUKI  SHOULDER BAG,20
540519,SCANDINAVIAN PAISLEY PICNIC BAG,5
540519,PINK VINTAGE PAISLEY PICNIC BAG,5
540519,RED RETROSPOT PICNIC BAG,10
540519,WASH BAG VINTAGE ROSE PAISLEY,6
540519,CLOTHES PEGS RETROSPOT PACK 24 ,12
540519,POSTAGE,2
540546,CHOCOLATE CALCULATOR,12
540546,HEART CALCULATOR,12
540546,PACK OF 12 TRADITIONAL CRAYONS,24
540546,PACK OF 12 COLOURED PENCILS,12
540546,36 PENCILS TUBE WOODLAND,16
540546,PENS ASSORTED FUNNY FACE,36
540546,RETROSPOT HEART HOT WATER BOTTLE,6
540546,STRAWBERRY CERAMIC TRINKET BOX,12
540546,NATURAL SLATE HEART CHALKBOARD ,6
540546,OFFICE MUG WARMER BLACK+SILVER ,6
540546,OFFICE MUG WARMER CHOC+BLUE,6
540546,OFFICE MUG WARMER PINK,6
540546,OFFICE MUG WARMER POLKADOT,6
540546,LOVE HEART POCKET WARMER,12
540546,TRADITIONAL WOODEN SKIPPING ROPE,12
540546,WOODEN BOX OF DOMINOES,12
540546,RED  HARMONICA IN BOX ,12
540546,4 TRADITIONAL SPINNING TOPS,12
540546,WOODEN SCHOOL COLOURING SET,12
540546,GROW A FLYTRAP OR SUNFLOWER IN TIN,24
540546,RED RETROSPOT ROUND CAKE TINS,1
540546,SET OF 3 CAKE TINS PANTRY DESIGN ,3
540546,JAM MAKING SET PRINTED,12
540546,JAM MAKING SET WITH JARS,6
540546,DOORMAT AIRMAIL ,2
540546,DOORMAT ENGLISH ROSE ,2
540546,DOORMAT SPOTTY HOME SWEET HOME,2
540546,RECIPE BOX PANTRY YELLOW DESIGN,6
540546,RECIPE BOX RETROSPOT ,6
540546,FRIDGE MAGNETS LES ENFANTS ASSORTED,12
540546,ASSTD DESIGN RACING CAR PEN,16
540546,10 COLOUR SPACEBOY PEN,24
540546,TOOTHPASTE TUBE PEN,12
540546,POLKADOT PEN,48
540546,POSTAGE,3
541430,BAKING SET 9 PIECE RETROSPOT ,24
541430,WHITE HEART CONFETTI IN TUBE,48
541430,LAVENDER SCENTED FABRIC HEART,40
541430,PINK  HEART CONFETTI IN TUBE,48
541430,SWEETHEART CERAMIC TRINKET BOX,72
541430,LARGE CAKE STAND HANGING HEARTS,12
541430,CERAMIC BOWL WITH LOVE HEART DESIGN,24
541430,LOVE HEART TRINKET POT,24
541430,RED LOVE HEART SHAPE CUP,48
541430,FOOD CONTAINER SET 3 LOVE HEART ,24
541430,LARGE HEART MEASURING SPOONS,12
541430,SET OF 9 HEART SHAPED BALLOONS,60
541430,BAKING MOULD CHOCOLATE CUPCAKES,24
541430,SET OF 3 HEART COOKIE CUTTERS,48
541430,PACK 6 HEART/ICE-CREAM PATCHES,24
541430,72 SWEETHEART FAIRY CAKE CASES,120
541430,S/4 VALENTINE DECOUPAGE HEART BOX,24
541430,MINI CAKE STAND  HANGING STRAWBERY,32
541430,CERAMIC STRAWBERRY DESIGN MUG,48
541430,STRAWBERRY FAIRY CAKE TEAPOT,24
541430,CERAMIC STRAWBERRY CAKE MONEY BANK,12
541430,CERAMIC CAKE DESIGN SPOTTED MUG,48
541430,CERAMIC CAKE BOWL + HANGING CAKES,18
541430,TEA TIME TEAPOT IN GIFT BOX,12
541430,TEA TIME TEA SET IN GIFT BOX,12
541430,60 TEATIME FAIRY CAKE CASES,120
541430,SET OF 36 TEATIME PAPER DOILIES,24
541430,FAIRY CAKES NOTEBOOK A6 SIZE,32
541430,REGENCY CAKESTAND 3 TIER,16
541430,SET OF 20 KIDS COOKIE CUTTERS,36
541430,SET OF 3 BUTTERFLY COOKIE CUTTERS,24
541430,60 CAKE CASES DOLLY GIRL DESIGN,24
541430,PACK OF 72 SKULL CAKE CASES,24
541430,RED RETROSPOT TRADITIONAL TEAPOT ,12
541430,RED RETROSPOT CAKE STAND,4
541430,POSTAGE,18
542147,RABBIT  DESIGN  COTTON TOTE BAG,6
542147,LOLITA  DESIGN  COTTON TOTE BAG,6
542147,RED RETROSPOT SHOPPING BAG,6
542147,PHOTO FRAME CORNICE,8
542147,RED RETROSPOT ROUND CAKE TINS,1
542147,SET OF 3 CAKE TINS PANTRY DESIGN ,3
542147,ENAMEL BLUE RIM BISCUIT BIN,6
542147,FRIDGE MAGNETS LES ENFANTS ASSORTED,12
542147,SET 3 PAPER VINTAGE CHICK PAPER EGG,12
542147,DOG TOY WITH PINK CROCHET SKIRT,4
542147,ROSE COTTAGE KEEPSAKE BOX ,4
542147,RETROSPOT TEA SET CERAMIC 11 PC ,9
542147,CHARLOTTE BAG PINK POLKADOT,10
542147,RED RETROSPOT CHARLOTTE BAG,10
542147,COSMETIC BAG VINTAGE ROSE PAISLEY,6
542147,CROCHET ROSE PURSE WITH SUEDE BACK,6
542147,CHARLOTTE BAG SUKI DESIGN,10
542147,PARTY FOOD SHOPPER BAG,20
542147,HOME BUILDING BLOCK WORD,6
542147,STRIPEY CHOCOLATE NESTING BOXES,6
542147,PACK OF 6 PANNETONE GIFT BOXES,6
542147,ENAMEL BLUE RIM COFFEE CONTAINER,6
542147,ENAMEL PINK TEA CONTAINER,6
542147,CERAMIC CAKE DESIGN SPOTTED MUG,12
542147,60 TEATIME FAIRY CAKE CASES,24
542147,SET OF 36 TEATIME PAPER DOILIES,12
542147,SET OF 4 FAIRY CAKE PLACEMATS,4
542147,BAKING SET 9 PIECE RETROSPOT ,3
542147,TEA TIME KITCHEN APRON,9
542147,POSTAGE,4
544495,WRAP DOILEY DESIGN,25
544495,PIGGY BANK RETROSPOT ,8
544495,RETROSPOT TEA SET CERAMIC 11 PC ,3
544495,RED RETROSPOT WRAP ,25
544495,BAKING MOULD CHOCOLATE CUPCAKES,6
544495,CERAMIC STRAWBERRY CAKE MONEY BANK,12
544495,BLUE HARMONICA IN BOX ,12
544495,PINK POLKADOT WRAP ,25
544495,RED  HARMONICA IN BOX ,12
544495,RED RETROSPOT TRADITIONAL TEAPOT ,6
544495,SET 6 FOOTBALL CELEBRATION CANDLES,12
544495,PACK OF 12 RED RETROSPOT TISSUES ,24
544495,HOLIDAY FUN LUDO,4
544495,NATURAL SLATE HEART CHALKBOARD ,12
544495,RED RETROSPOT MINI CASES,2
544495,SET/10 PINK POLKADOT PARTY CANDLES,24
544495,SET/10 BLUE POLKADOT PARTY CANDLES,24
544495,SET/10 RED POLKADOT PARTY CANDLES,24
544495,PACK OF 12 PINK PAISLEY TISSUES ,24
544495,DOORMAT ENGLISH ROSE ,2
544495,SET OF 36 TEATIME PAPER DOILIES,12
544495,PACK 20 ENGLISH ROSE PAPER NAPKINS,12
544495,TOAST ITS - BEST MUM,12
544495,RED RETROSPOT STORAGE JAR,4
544495,RED SPOTTY BISCUIT TIN,6
544495,BAKING SET 9 PIECE RETROSPOT ,6
544495,LUNCH BAG DOLLY GIRL DESIGN,10
544495,DOORMAT AIRMAIL ,2
544495,SET 20 NAPKINS FAIRY CAKES DESIGN ,12
544495,DOORMAT RED RETROSPOT,2
544495,RECIPE BOX PANTRY YELLOW DESIGN,12
544495,RED RETROSPOT SUGAR JAM BOWL,6
544495,TV DINNER TRAY DOLLY GIRL,3
544495,RED RETROSPOT MUG,6
544495,RECIPE BOX RETROSPOT ,12
544495,PHARMACIE FIRST AID TIN,4
544495,STRAWBERRY FAIRY CAKE TEAPOT,8
544495,CERAMIC CAKE DESIGN SPOTTED MUG,12
544495,SET OF 4 ENGLISH ROSE PLACEMATS,4
544495,DOORMAT TOPIARY,2
544495,TV DINNER TRAY VINTAGE PAISLEY,3
544495,SET/20 RED RETROSPOT PAPER NAPKINS ,12
544495,POSTAGE,6
545191,LUNCH BAG RED RETROSPOT,10
545191,LUNCH BAG DOLLY GIRL DESIGN,10
545191,EASTER TIN BUNNY BOUQUET,6
545191,EASTER TIN KEEPSAKE,6
545191,SET 3 PAPER VINTAGE CHICK PAPER EGG,6
545191,JUMBO BAG DOLLY GIRL DESIGN,10
545191,JUMBO BAG PINK VINTAGE PAISLEY,10
545191,JUMBO BAG RED RETROSPOT,10
545191,JUMBO BAG SCANDINAVIAN BLUE PAISLEY,10
545191,JUMBO SHOPPER VINTAGE RED PAISLEY,10
545191,SCANDINAVIAN PAISLEY PICNIC BAG,5
545191,PINK VINTAGE PAISLEY PICNIC BAG,5
545191,RED RETROSPOT PICNIC BAG,5
545191,POSTAGE,1
545937,ASSORTED COLOUR BIRD ORNAMENT,24
545937,POLKADOT PEN,48
545937,RED RETROSPOT MINI CASES,6
545937,RED SPOTTY BISCUIT TIN,6
545937,BEWARE OF THE CAT METAL SIGN ,12
545937,NO SINGING METAL SIGN,12
545937,WASH BAG VINTAGE ROSE PAISLEY,24
545937,LUNCH BAG RED RETROSPOT,30
545937,RECIPE BOX RETROSPOT ,6
545937,JUMBO BAG RED RETROSPOT,20
545937,LADIES & GENTLEMEN METAL SIGN,12
545937,MINI PAINT SET VINTAGE ,72
545937,DOLLY GIRL LUNCH BOX,12
545937,LUNCH BAG SUKI DESIGN ,40
545937,LUNCH BAG PINK POLKADOT,20
545937,LUNCH BAG DOLLY GIRL DESIGN,20
545937,PLEASE ONE PERSON METAL SIGN,12
545937,FRIDGE MAGNETS LES ENFANTS ASSORTED,12
545937,JUMBO BAG SCANDINAVIAN BLUE PAISLEY,30
545937,JUMBO BAG PINK VINTAGE PAISLEY,30
545937,JUMBO STORAGE BAG SUKI,30
545937,JUMBO BAG SPACEBOY DESIGN,10
545937,JUMBO BAG PINK POLKADOT,20
545937,JUMBO SHOPPER VINTAGE RED PAISLEY,30
545937,JUMBO BAG DOLLY GIRL DESIGN,20
545937,JUMBO  BAG BAROQUE BLACK WHITE,20
545937,COSMETIC BAG VINTAGE ROSE PAISLEY,6
545937,CHARLOTTE BAG SUKI DESIGN,20
545937,CHARLOTTE BAG DOLLY GIRL DESIGN,20
545937,RED RETROSPOT CHARLOTTE BAG,20
545937,LUNCH BAG CARS BLUE,20
545937,CHILDRENS DOLLY GIRL MUG,12
545937,"FANCY FONT BIRTHDAY CARD, ",24
545937,TRAVEL CARD WALLET RETROSPOT,48
545937,TRAVEL CARD WALLET SUKI,48
545937,TRAVEL CARD WALLET VINTAGE TICKET,48
545937,TRAVEL CARD WALLET TRANSPORT,48
545937,TRAVEL CARD WALLET FLOWER MEADOW,48
545937,SET OF 72 RETROSPOT PAPER  DOILIES,12
545937,SET 3 SONG BIRD PAPER EGGS ASSORTED,6
545937,SET 3 PAPER VINTAGE CHICK PAPER EGG,12
545937,CLOCK MAGNET MUM'S KITCHEN,6
545937,ABC TREASURE BOOK BOX ,24
545937,JAM CLOCK MAGNET,6
545937,FRENCH STYLE STORAGE JAR BONBONS,12
545937,CARD BILLBOARD FONT,12
545937,ASSORTED COLOUR MINI CASES,2
545937,RED RETROSPOT LUGGAGE TAG,12
545937,BLUE POLKADOT LUGGAGE TAG ,12
545937,GAOLERS KEYS DECORATIVE GARDEN ,4
545937,KINGS CHOICE BISCUIT TIN,4
545937,MAGNETS PACK OF 4 VINTAGE COLLAGE,12
545937,MAGNETS PACK OF 4 CHILDHOOD MEMORY,12
545937,HOT BATHS METAL SIGN,12
545937,CHILDREN'S APRON DOLLY GIRL ,6
545937,TV DINNER TRAY DOLLY GIRL,3
547444,CHERRY BLOSSOM DECORATIVE FLASK,4
547444,CHERRY BLOSSOM  DECORATIVE FLASK,4
547444,HOME SWEET HOME METAL SIGN ,6
547444,POPPY'S PLAYHOUSE BEDROOM ,6
547444,POPPY'S PLAYHOUSE BATHROOM,6
547444,POPPY'S PLAYHOUSE LIVINGROOM ,6
547444,POPPY'S PLAYHOUSE KITCHEN,6
547444,SET OF 6 3D KIT CARDS FOR KIDS,12
547444,ABC TREASURE BOOK BOX ,8
547444,TREASURE ISLAND BOOK BOX,8
547444,MINI PAINT SET VINTAGE ,36
547444,ROSE COTTAGE KEEPSAKE BOX ,2
547444,SCANDINAVIAN PAISLEY PICNIC BAG,10
547444,PINK VINTAGE PAISLEY PICNIC BAG,5
547444,STRAWBERRY   PICNIC BAG,5
547444,POSTAGE,1
547566,POSTAGE,1
547897,20 DOLLY PEGS RETROSPOT,12
547897,RECIPE BOX RETROSPOT ,6
547897,SET OF 72 RETROSPOT PAPER  DOILIES,12
547897,PACK OF 6 SWEETIE GIFT BOXES,6
547897,FELTCRAFT PRINCESS LOLA DOLL,4
547897,FELTCRAFT PRINCESS OLIVIA DOLL,4
547897,VINTAGE SNAKES & LADDERS,4
547897,WOODEN CROQUET GARDEN SET,1
547897,BINGO SET,4
547897,ASSORTED EASTER GIFT TAGS,12
547897,EASTER TIN BUNNY BOUQUET,6
547897,EASTER TIN KEEPSAKE,6
547897,SET 3 PAPER VINTAGE CHICK PAPER EGG,6
547897,HANGING HEN ON NEST DECORATION,12
547897,EGG CUP NATURAL CHICKEN,8
547897,SAVE THE PLANET COTTON TOTE BAG,6
547897,HEADS AND TAILS SPORTING FUN,12
547897,VINTAGE HEADS AND TAILS CARD GAME ,12
547897,WRAP DOLLY GIRL,25
547897,TEA PARTY BIRTHDAY CARD,12
547897,HOMEMADE JAM SCENTED CANDLES,12
547897,JAM MAKING SET PRINTED,12
547897,HEART IVORY TRELLIS LARGE,12
547897,GRAND CHOCOLATECANDLE,9
547897,POSTAGE,2
548470,ASSORTED COLOUR BIRD ORNAMENT,8
548470,RETROSPOT TEA SET CERAMIC 11 PC ,12
548470,SET 3 SONG BIRD PAPER EGGS ASSORTED,12
548470,SET 3 PAPER VINTAGE CHICK PAPER EGG,12
548470,4 TRADITIONAL SPINNING TOPS,12
548470,PINK FAIRY CAKE CHILDRENS APRON,16
548470,WASH BAG VINTAGE ROSE PAISLEY,6
548470,SUKI  SHOULDER BAG,20
548470,BLUE HARMONICA IN BOX ,12
548470,WHITE HANGING HEART T-LIGHT HOLDER,12
548470,BIRD DECORATION RED RETROSPOT,24
548470,DOG TOY WITH PINK CROCHET SKIRT,4
548470,POSTAGE,2
548470,CHARLOTTE BAG SUKI DESIGN,10
548470,RABBIT  DESIGN  COTTON TOTE BAG,6
548470,WOODLAND DESIGN  COTTON TOTE BAG,6
549435,60 TEATIME FAIRY CAKE CASES,48
549435,PACK OF 72 RETROSPOT CAKE CASES,24
549435,CUPCAKE LACE PAPER SET 6,12
549435,SET/10 BLUE POLKADOT PARTY CANDLES,24
549435,SET/3 RABBITS FLOWER SKIPPPING ROPE,20
549435,ASSORTED EASTER GIFT TAGS,72
549435,SET/10 PINK POLKADOT PARTY CANDLES,24
549435,SET 6 FOOTBALL CELEBRATION CANDLES,12
549435,SET 3 SONG BIRD PAPER EGGS ASSORTED,12
549435,SET 3 PAPER VINTAGE CHICK PAPER EGG,12
549435,SET/6 RED SPOTTY PAPER CUPS,6
549435,SET/20 RED RETROSPOT PAPER NAPKINS ,15
549435,PINK BLUE FELT CRAFT TRINKET BOX,8
549435,SET OF 3 HEART COOKIE CUTTERS,3
549435,SET/6 RED SPOTTY PAPER PLATES,10
549435,CERAMIC CAKE DESIGN SPOTTED PLATE,4
549435,REGENCY CAKESTAND 3 TIER,4
549435,PACK OF 12 STICKY BUNNIES,48
549435,PINK REGENCY TEACUP AND SAUCER,4
549435,ROSES REGENCY TEACUP AND SAUCER ,4
549435,RED RETROSPOT CAKE STAND,4
549953,SET OF 4 JAM JAR MAGNETS,12
549953,FELTCRAFT GIRL AMELIE KIT,4
549953,FELTCRAFT BOY JEAN-PAUL KIT,4
549953,JAM CLOCK MAGNET,6
549953,CLOCK MAGNET MUM'S KITCHEN,6
549953,ABC TREASURE BOOK BOX ,8
549953,CHARLOTTE BAG DOLLY GIRL DESIGN,20
549953,LUNCH BAG DOLLY GIRL DESIGN,20
549953,CHILDRENS DOLLY GIRL MUG,12
549953,SET 3 PAPER VINTAGE CHICK PAPER EGG,6
549953,SET 3 SONG BIRD PAPER EGGS ASSORTED,6
549953,SET OF 4 ENGLISH ROSE PLACEMATS,12
549953,RED RETROSPOT MINI CASES,6
549953,RED RETROSPOT CHARLOTTE BAG,10
549953,LUNCH BAG RED RETROSPOT,10
549953,RED RETROSPOT PEG BAG,6
549953,"SET 3 RETROSPOT TEA,COFFEE,SUGAR",4
549953,PACK OF 12 RED RETROSPOT TISSUES ,24
549953,JUMBO BAG PINK VINTAGE PAISLEY,20
549953,JUMBO BAG SCANDINAVIAN BLUE PAISLEY,10
549953,JUMBO SHOPPER VINTAGE RED PAISLEY,10
549953,PACK OF 12 SUKI TISSUES ,24
549953,PACK OF 12 WOODLAND TISSUES ,24
549953,PACK OF 12 PINK PAISLEY TISSUES ,24
549953,RETROSPOT TEA SET CERAMIC 11 PC ,12
549953,36 PENCILS TUBE WOODLAND,16
549953,TV DINNER TRAY VINTAGE PAISLEY,6
549953,VINTAGE PAISLEY STATIONERY SET,6
549953,PLASTERS IN TIN VINTAGE PAISLEY ,12
549953,COFFEE MUG PINK PAISLEY DESIGN,12
549953,SET 20 NAPKINS FAIRY CAKES DESIGN ,24
549953,SET/20 RED RETROSPOT PAPER NAPKINS ,12
549953,NATURAL SLATE HEART CHALKBOARD ,12
549953,STRAWBERRY FAIRY CAKE TEAPOT,8
549953,TEA TIME TEAPOT IN GIFT BOX,12
549953,CERAMIC STRAWBERRY DESIGN MUG,12
549953,CERAMIC STRAWBERRY CAKE MONEY BANK,12
549953,CERAMIC CAKE DESIGN SPOTTED MUG,12
549953,RED SPOTTY BISCUIT TIN,6
549953,PHARMACIE FIRST AID TIN,4
549953,CERAMIC STRAWBERRY MONEY BOX,6
549953,BUFFALO BILL TREASURE BOOK BOX,8
549953,CERAMIC LOVE HEART MONEY BANK,12
549953,STRAWBERRY CERAMIC TRINKET BOX,12
549953,BAKING SET 9 PIECE RETROSPOT ,6
549953,4 TRADITIONAL SPINNING TOPS,12
549953,BOX OF VINTAGE JIGSAW BLOCKS ,3
549953,DOORMAT TOPIARY,2
549953,DOORMAT ENGLISH ROSE ,2
549953,DOORMAT AIRMAIL ,2
549953,LUNCH BAG CARS BLUE,10
549953,LUNCH BAG SUKI DESIGN ,10
549953,SET/3 RED GINGHAM ROSE STORAGE BOX,4
549953,CHARLOTTE BAG SUKI DESIGN,10
549953,JUMBO BAG TOYS ,10
549953,SET/2 RED RETROSPOT TEA TOWELS ,6
553017,RED RETROSPOT UMBRELLA,1
553017,BLUE ROSE FABRIC MIRROR,2
553017,PINK ROSE FABRIC MIRROR,2
553017,FOLDING UMBRELLA RED/WHITE POLKADOT,5
553017,FOLDING UMBRELLA CHOCOLATE POLKADOT,5
553017,PINK FLORAL FELTCRAFT SHOULDER BAG,2
553017,GREY FLORAL FELTCRAFT SHOULDER BAG,3
553017,BLUE PAISLEY TISSUE BOX,2
553017,PACK OF 12 RED RETROSPOT TISSUES ,12
553017,SET OF 6 SPICE TINS PANTRY DESIGN,3
553017,JUMBO BAG DOILEY PATTERNS,10
553017,JUMBO BAG VINTAGE LEAF,10
553017,JUMBO BAG SCANDINAVIAN BLUE PAISLEY,10
553017,JUMBO BAG PINK VINTAGE PAISLEY,10
553017,JUMBO SHOPPER VINTAGE RED PAISLEY,10
553017,JUMBO BAG PINK POLKADOT,10
553017,JUMBO BAG RED RETROSPOT,10
553017,JUMBO STORAGE BAG SUKI,10
553017,LUNCH BAG VINTAGE LEAF DESIGN,3
553017,LUNCH BAG DOILEY PATTERN ,3
553017,LUNCH BAG WOODLAND,3
553017,LUNCH BAG SUKI DESIGN ,3
553017,LUNCH BAG CARS BLUE,3
553017,SMALL HEART MEASURING SPOONS,2
553017,LUNCH BAG RED RETROSPOT,5
553017,LUNCH BAG PINK POLKADOT,3
553017,RED RETROSPOT SHOPPER BAG,5
553017,PINK VINTAGE PAISLEY PICNIC BAG,3
553017,SCANDINAVIAN PAISLEY PICNIC BAG,3
553017,RED RETROSPOT PICNIC BAG,5
553017,PACK OF 60 PINK PAISLEY CAKE CASES,2
553017,60 TEATIME FAIRY CAKE CASES,2
553017,PACK OF 60 MUSHROOM CAKE CASES,2
553017,PACK OF 60 DINOSAUR CAKE CASES,2
553017,12 PENCIL SMALL TUBE WOODLAND,2
553017,12 PENCILS SMALL TUBE RED RETROSPOT,4
553017,RETROSPOT TEA SET CERAMIC 11 PC ,1
553017,RED RETROSPOT LUGGAGE TAG,3
553017,RED HEART LUGGAGE TAG,3
553017,DENIM PATCH PURSE PINK BUTTERFLY,2
553017,THREE CANVAS LUGGAGE TAGS,8
553017,SET 20 NAPKINS FAIRY CAKES DESIGN ,3
553017,SET/20 RED RETROSPOT PAPER NAPKINS ,5
553017,SET OF 3 NOTEBOOKS IN PARCEL,2
553017,RETROSPOT RED WASHING UP GLOVES,1
553017,FUNKY WASHING UP GLOVES ASSORTED,3
553017,CHRISTMAS GINGHAM STAR,36
553017,GROW YOUR OWN HERBS SET OF 3,1
553017,RED RETROSPOT CUP,5
553017,CLOTHES PEGS RETROSPOT PACK 24 ,3
553017,RED RETROSPOT BOWL,5
553017,RED RETROSPOT PLATE ,5
553017,SET/3 RED GINGHAM ROSE STORAGE BOX,2
553017,RED SPOTTY BISCUIT TIN,1
553017,PINK PAISLEY SQUARE TISSUE BOX ,1
553017,RED SPOTTY BISCUIT TIN,2
553017,RED RETROSPOT ROUND CAKE TINS,2
553017,PIGGY BANK RETROSPOT ,8
553017,SET OF 3 CAKE TINS SKETCHBOOK,2
553017,CHILDRENS CUTLERY DOLLY GIRL ,5
553017,SET OF 6 HERB TINS SKETCHBOOK,4
553017,SET OF 6 SPICE TINS PANTRY DESIGN,1
553017,BAKING MOULD HEART WHITE CHOCOLATE,2
553017,BAKING MOULD TOFFEE CUP CHOCOLATE,3
553017,HERB MARKER MINT,1
553017,HERB MARKER THYME,1
553017,HERB MARKER ROSEMARY,1
553017,HERB MARKER PARSLEY,1
553017,HERB MARKER BASIL,1
553017,HERB MARKER CHIVES ,1
553017,PLASTERS IN TIN STRONGMAN,1
553017,PLASTERS IN TIN CIRCUS PARADE ,3
553017,PLASTERS IN TIN SPACEBOY,2
553017,PLASTERS IN TIN WOODLAND ANIMALS,3
553017,PLASTERS IN TIN VINTAGE PAISLEY ,3
553017,PACK OF 72 RETROSPOT CAKE CASES,2
553018,Manual,1
C553019,Manual,-1
C554154,Manual,-1
554155,Manual,1
554301,Manual,1
C554302,Manual,-1
C554303,Manual,-1
554305,Manual,1
C554308,Manual,-1
555862,JUMBO BAG SCANDINAVIAN BLUE PAISLEY,10
555862,JUMBO BAG PINK VINTAGE PAISLEY,10
555862,JUMBO BAG DOILEY PATTERNS,10
555862,JUMBO SHOPPER VINTAGE RED PAISLEY,10
555862,JUMBO BAG SPACEBOY DESIGN,10
555862,POCKET BAG PINK PAISELY BROWN SPOT,12
555862,POCKET BAG BLUE PAISLEY RED SPOT,12
555862,PINK VINTAGE PAISLEY PICNIC BAG,10
555862,SCANDINAVIAN PAISLEY PICNIC BAG,10
555862,SET/20 RED RETROSPOT PAPER NAPKINS ,12
555862,LUNCH BAG DOILEY PATTERN ,10
555862,LUNCH BAG SPACEBOY DESIGN ,10
555862,LUNCH BAG RED RETROSPOT,10
555862,LUNCH BAG PINK POLKADOT,10
556024,WASH BAG VINTAGE ROSE PAISLEY,6
556024,OVERNIGHT BAG VINTAGE ROSE PAISLEY,3
556024,POCKET BAG BLUE PAISLEY RED SPOT,12
556024,POCKET BAG PINK PAISELY BROWN SPOT,12
556024,COSMETIC BAG VINTAGE ROSE PAISLEY,6
556024,FOLDING UMBRELLA CREAM POLKADOT,4
556024,FOLDING UMBRELLA BLACKBLUE POLKADOT,4
556024,FOLDING UMBRELLA CHOCOLATE POLKADOT,4
556024,FOLDING UMBRELLA RED/WHITE POLKADOT,4
556829,RECIPE BOX RETROSPOT ,6
556829,RED METAL BOX TOP SECRET,2
556829,REGENCY SUGAR BOWL GREEN,4
556829,WHITE ROCKING HORSE HAND PAINTED,24
556829,REGENCY TEAPOT ROSES ,2
556829,SET OF 3 REGENCY CAKE TINS,4
556829,VINTAGE RED TRIM ENAMEL BOWL ,12
556829,SET OF 3 WOODEN SLEIGH DECORATIONS,12
556829,VINTAGE RED ENAMEL TRIM JUG ,4
556829,SET OF 36 DOILIES PANTRY DESIGN,12
556829,SET OF 60 PANTRY DESIGN CAKE CASES ,24
556829,SET OF 60 VINTAGE LEAF CAKE CASES ,24
556829,REGENCY CAKESTAND 3 TIER,2
556829,GROW YOUR OWN BASIL IN ENAMEL MUG,8
556829,VICTORIAN SEWING BOX SMALL ,4
556829,MULTICOLOUR HONEYCOMB FAN,12
556829,PASTEL COLOUR HONEYCOMB FAN,12
556829,FRENCH ENAMEL POT W LID,6
556829,SET 2 PANTRY DESIGN TEA TOWELS,6
556829,RED SPOTTY BISCUIT TIN,6
556829,RETRO MOD TRAY,10
556829,SET OF 3 CAKE TINS PANTRY DESIGN ,3
556829,PLASTERS IN TIN CIRCUS PARADE ,12
556829,CALENDAR PAPER CUT DESIGN,6
556829,POSTAGE,3
C558061,SET OF 3 REGENCY CAKE TINS,-1
559862,MONEY BOX POCKET MONEY DESIGN,12
559862,GLASS APOTHECARY BOTTLE ELIXIR,12
559862,GLASS APOTHECARY BOTTLE PERFUME,12
559862,SET OF 36 DOILIES PANTRY DESIGN,12
559862,CHARLOTTE BAG SUKI DESIGN,10
559862,CHARLOTTE BAG PINK POLKADOT,10
559862,BLOSSOM  IMAGES NOTEBOOK SET,24
559862,WHITE CANDYSTUFT ARTIFICIAL FLOWER,24
559862,RED RETROSPOT WRAP ,50
559862,MAGNETS PACK OF 4 HOME SWEET HOME,12
559862,MAGNETS PACK OF 4 SWALLOWS,12
559862,"SET 3 RETROSPOT TEA,COFFEE,SUGAR",4
559862,POLKADOT PEN,48
559862,LUNCH BAG DOILEY PATTERN ,10
559862,PACK OF 72 RETROSPOT CAKE CASES,24
559862,4 TRADITIONAL SPINNING TOPS,12
559862,BUNDLE OF 3 ALPHABET EXERCISE BOOKS,12
559862,RED RETROSPOT CHARLOTTE BAG,20
559862,PACK OF 12 RED RETROSPOT TISSUES ,24
559862,SET OF 4 KNICK KNACK TINS DOILEY ,6
559862,POSTAGE,4
559907,CERAMIC STRAWBERRY CAKE MONEY BANK,12
559907,RETROSPOT TEA SET CERAMIC 11 PC ,6
559907,STRAWBERRY CERAMIC TRINKET BOX,12
559907,STRAWBERRY CHARLOTTE BAG,10
559907,CHARLOTTE BAG SUKI DESIGN,10
559907,LUNCH BAG SUKI DESIGN ,20
559907,LUNCH BAG RED RETROSPOT,20
559907,PINK VINTAGE PAISLEY PICNIC BAG,10
559907,JUMBO BAG ALPHABET,10
559907,BOX OF VINTAGE JIGSAW BLOCKS ,6
559907,RED  HARMONICA IN BOX ,12
559907,TRADITIONAL WOODEN CATCH CUP GAME ,12
559907,4 TRADITIONAL SPINNING TOPS,12
559907,FELTCRAFT GIRL AMELIE KIT,4
559907,FELTCRAFT GIRL NICOLE KIT,4
559907,BUNDLE OF 3 ALPHABET EXERCISE BOOKS,12
559907,WRAP ALPHABET DESIGN,25
559907,VINTAGE PAISLEY STATIONERY SET,12
559907,PINK PAISLEY ROSE GIFT WRAP,25
559907,COFFEE MUG PINK PAISLEY DESIGN,6
559907,PACK OF 60 PINK PAISLEY CAKE CASES,24
559907,SET OF 3 NOTEBOOKS IN PARCEL,12
559907,SET OF 36 PAISLEY FLOWER DOILIES,12
559907,SET/10 RED POLKADOT PARTY CANDLES,24
559907,SET/10 PINK POLKADOT PARTY CANDLES,24
559907,BLUE POLKADOT WRAP,25
559907,SET 6 FOOTBALL CELEBRATION CANDLES,12
559907,LUNCH BAG DOILEY PATTERN ,20
559907,DOORMAT KEEP CALM AND COME IN,2
559907,CHARLOTTE BAG VINTAGE ALPHABET ,20
559907,LUNCH BAG ALPHABET DESIGN,20
559907,JUMBO BAG DOILEY PATTERNS,10
559907,STRAWBERRY FAIRY CAKE TEAPOT,8
559907,POLKADOT PEN,96
559907,RED RETROSPOT SHOPPER BAG,10
559907,RED RETROSPOT ROUND CAKE TINS,2
559907,RED RETROSPOT MUG,12
559907,PIGGY BANK RETROSPOT ,16
559907,SET OF 4 JAM JAR MAGNETS,24
559907,SET OF 5 PANCAKE DAY MAGNETS,12
560694,JUMBO BAG WOODLAND ANIMALS,10
560694,JUMBO BAG SCANDINAVIAN BLUE PAISLEY,30
560694,JUMBO BAG OWLS,10
560694,JUMBO BAG PINK VINTAGE PAISLEY,20
560694,JUMBO STORAGE BAG SUKI,10
560694,JUMBO BAG SPACEBOY DESIGN,10
560694,JUMBO BAG DOLLY GIRL DESIGN,10
560694,JUMBO BAG PINK POLKADOT,10
560694,JUMBO SHOPPER VINTAGE RED PAISLEY,40
560694,JUMBO BAG VINTAGE LEAF,10
560694,JUMBO BAG STRAWBERRY,20
560694,JUMBO BAG DOILEY PATTERNS,30
560694,JUMBO BAG RED RETROSPOT,20
560694,STRAWBERRY CHARLOTTE BAG,10
560694,CHARLOTTE BAG PINK POLKADOT,10
560694,RED RETROSPOT CHARLOTTE BAG,10
560694,CHARLOTTE BAG DOLLY GIRL DESIGN,10
560694,ASSORTED TUTTI FRUTTI MIRROR,12
560694,SCANDINAVIAN PAISLEY PICNIC BAG,20
560694,RED RETROSPOT PICNIC BAG,15
560694,PINK VINTAGE PAISLEY PICNIC BAG,20
560694,LUNCH BAG CARS BLUE,20
560694,LUNCH BAG RED RETROSPOT,10
560694,LUNCH BAG SPACEBOY DESIGN ,20
560694,LUNCH BAG PINK POLKADOT,20
560694,LUNCH BAG VINTAGE LEAF DESIGN,10
560694,LUNCH BAG DOILEY PATTERN ,30
560694,LUNCH BAG DOLLY GIRL DESIGN,10
C562144,ASSORTED TUTTI FRUTTI MIRROR,-12
563241,LUNCH BAG APPLE DESIGN,30
563241,LUNCH BAG ALPHABET DESIGN,30
563241,LUNCH BAG VINTAGE LEAF DESIGN,30
563241,LUNCH BAG VINTAGE DOILY ,30
563241,JUMBO BAG VINTAGE DOILY ,30
563241,JUMBO BAG ALPHABET,30
563241,JUMBO BAG VINTAGE LEAF,30
563241,JUMBO BAG APPLES,30
563241,JUMBO SHOPPER VINTAGE RED PAISLEY,30
563241,VINTAGE PAISLEY STATIONERY SET,12
563241,FLORAL FOLK STATIONERY SET,12
563241,WRAP ENGLISH ROSE ,50
563241,WRAP SUKI AND FRIENDS,50
563241,FANCY FONTS BIRTHDAY WRAP,25
563241,RED RETROSPOT WRAP ,25
563241,PINK PAISLEY ROSE GIFT WRAP,50
563241,WRAP DOLLY GIRL,25
563241,BLUE SCANDINAVIAN PAISLEY WRAP,25
563241,LUNCH BAG SPACEBOY DESIGN ,30
563241,LUNCH BAG SUKI DESIGN ,30
563241,JUMBO BAG SCANDINAVIAN BLUE PAISLEY,20
563241,JUMBO BAG RED RETROSPOT,20
563241,JUMBO BAG PINK POLKADOT,10
563241,WRAP RED APPLES ,25
563241,WRAP  VINTAGE DOILY ,25
563241,ROLL WRAP VINTAGE SPOT ,12
563241,WRAP RED VINTAGE DOILY,25
563241,WRAP PAISLEY PARK ,25
563241,WRAP FLOWER SHOP  ,25
563241,WRAP BIRD GARDEN ,25
563241,JUMBO  BAG BAROQUE BLACK WHITE,20
563241,JUMBO BAG PINK VINTAGE PAISLEY,10
563241,CHARLOTTE BAG VINTAGE ALPHABET ,20
563241,CHARLOTTE BAG APPLES DESIGN,20
563241,CHARLOTTE BAG SUKI DESIGN,20
563241,RED RETROSPOT CHARLOTTE BAG,20
563241,LUNCH BAG RED RETROSPOT,20
563241,LUNCH BAG CARS BLUE,30
563241,LUNCH BAG PINK POLKADOT,20
563241,LUNCH BAG WOODLAND,10
563241,LUNCH BAG DOLLY GIRL DESIGN,20
565295,CERAMIC STRAWBERRY CAKE MONEY BANK,12
565295,ICE CREAM PEN LIP GLOSS ,24
565295,PINK FAIRY CAKE CUSHION COVER,4
565295,SET OF 4 JAM JAR MAGNETS,12
565295,TEA TIME KITCHEN APRON,3
565295,PINK FAIRY CAKE CHILDRENS APRON,8
565295,TEA TIME OVEN GLOVE,10
565295,20 DOLLY PEGS RETROSPOT,12
565295,60 TEATIME FAIRY CAKE CASES,24
565295,SET 20 NAPKINS FAIRY CAKES DESIGN ,12
565295,SET OF 4 FAIRY CAKE PLACEMATS ,4
565295,TEA TIME DES TEA COSY,6
565295,WRAP PINK FAIRY CAKES ,25
565295,STRIPEY CHOCOLATE NESTING BOXES,6
565295,SMALL STRIPES CHOCOLATE GIFT BAG ,16
565295,GRAND CHOCOLATECANDLE,9
565295,PINK PARTY BAGS,6
565295,FAIRY CAKES NOTEBOOK A6 SIZE,16
565295,SET OF 36 TEATIME PAPER DOILIES,12
565295,SET OF 12 FORK CANDLES,6
567929,STRAWBERRY CHARLOTTE BAG,10
567929,RED RETROSPOT CHARLOTTE BAG,10
567929,CHARLOTTE BAG APPLES DESIGN,10
567929,JUMBO BAG STRAWBERRY,10
567929,LUNCH BAG RED RETROSPOT,10
567929,SCANDINAVIAN PAISLEY PICNIC BAG,10
567929,LUNCH BAG SUKI DESIGN ,10
567929,LUNCH BAG CARS BLUE,10
567929,PINK VINTAGE PAISLEY PICNIC BAG,10
567929,SET OF 3 CAKE TINS PANTRY DESIGN ,3
567929,SET OF 3 REGENCY CAKE TINS,4
567929,FUNKY WASHING UP GLOVES ASSORTED,12
567929,RED RETROSPOT PEG BAG,6
567929,CLOTHES PEGS RETROSPOT PACK 24 ,12
567929,RED RETROSPOT OVEN GLOVE ,10
567929,SET OF 72 RETROSPOT PAPER  DOILIES,12
567929,SET OF 6 HEART CHOPSTICKS,12
567929,CAKE STAND WHITE TWO TIER LACE,2
567929,SET/5 RED RETROSPOT LID GLASS BOWLS,24
567929,JAM MAKING SET PRINTED,12
567929,SET OF 2 WOODEN MARKET CRATES,2
567929,BAKING SET 9 PIECE RETROSPOT ,3
567929,RETROSPOT TEA SET CERAMIC 11 PC ,3
567929,CHRISTMAS TABLE SILVER CANDLE SPIKE,32
567929,ENGLISH ROSE GARDEN SECATEURS,24
567929,ASS FLORAL PRINT MULTI SCREWDRIVER,24
567929,TV DINNER TRAY AIR HOSTESS ,3
567929,ROUND CONTAINER SET OF 5 RETROSPOT,12
567929,PICNIC BOXES SET OF 3 RETROSPOT ,4
567929,ICE CREAM PEN LIP GLOSS ,48
567929,DOUGHNUT LIP GLOSS ,40
567929,ICE CREAM SUNDAE LIP GLOSS,48
567929,PACK OF 72 RETROSPOT CAKE CASES,24
567929,PLASTERS IN TIN VINTAGE PAISLEY ,12
567929,PLASTERS IN TIN STRONGMAN,12
567929,LUNCH BOX WITH CUTLERY RETROSPOT ,6
568208,BOX OF 6 MINI VINTAGE CRACKERS,6
568208,BOX OF 6 MINI 50'S CRACKERS,6
568208,GIANT 50'S CHRISTMAS CRACKER,12
568208,VINTAGE CHRISTMAS GIFT BAG LARGE ,12
568208, 50'S CHRISTMAS GIFT BAG LARGE,12
568208,RED ROCKING HORSE HAND PAINTED,24
568208,WOODEN TREE CHRISTMAS SCANDINAVIAN,12
568208,HEART WOODEN CHRISTMAS DECORATION,12
568208,HEART SHAPED HOLLY WREATH,4
568208,HEART OF WICKER SMALL,12
568208,PACK 3 BOXES CHRISTMAS PANNETONE,12
568208,PACK OF SIX LED TEA LIGHTS,6
568208,ROTATING SILVER ANGELS T-LIGHT HLDR,6
568208,VICTORIAN GLASS HANGING T-LIGHT,6
568208,ASSORTED COLOUR BIRD ORNAMENT,8
568208,SET OF 20 VINTAGE CHRISTMAS NAPKINS,12
568208,CHRISTMAS METAL TAGS ASSORTED ,12
568208,POSTAGE,2
569866,BIRDS MOBILE VINTAGE DESIGN,2
569866,PINK PADDED MOBILE,1
569866,PLASTERS IN TIN CIRCUS PARADE ,2
569866,VINTAGE DOILY TRAVEL SEWING KIT,2
569866,PLASTERS IN TIN WOODLAND ANIMALS,2
569866,PLASTERS IN TIN SPACEBOY,4
569866,PLASTERS IN TIN VINTAGE PAISLEY ,8
569866,PLASTERS IN TIN STRONGMAN,2
569866,VINTAGE DOILY DELUXE SEWING KIT ,4
569866,DELUXE SEWING KIT ,2
569866,JUMBO BAG OWLS,10
569866,PINK PADDED MOBILE,1
569866,VINTAGE DOILY TRAVEL SEWING KIT,12
569866,TRAVEL SEWING KIT,6
569866,CHARLOTTE BAG PINK POLKADOT,10
569866,RETROSPOT PARTY BAG + STICKER SET,2
569866,WHITE WOOD GARDEN PLANT LADDER,1
569866,JUMBO BAG SCANDINAVIAN BLUE PAISLEY,10
569866,JUMBO BAG VINTAGE LEAF,10
569866,JUMBO SHOPPER VINTAGE RED PAISLEY,20
569866,JUMBO BAG PINK VINTAGE PAISLEY,10
569866,JUMBO BAG RED RETROSPOT,10
569866,JUMBO  BAG BAROQUE BLACK WHITE,20
569866,JUMBO BAG TOYS ,10
569866,JUMBO BAG ALPHABET,10
569866,CHARLOTTE BAG VINTAGE ALPHABET ,20
569866,TOY TIDY SPACEBOY  ,4
569866,RECYCLING BAG RETROSPOT ,4
569866,LUNCH BAG CARS BLUE,30
569866,LUNCH BAG VINTAGE LEAF DESIGN,20
569866,LUNCH BAG ALPHABET DESIGN,20
569866,LUNCH BAG SUKI DESIGN ,10
569866,LUNCH BAG SPACEBOY DESIGN ,20
569866,LUNCH BAG VINTAGE DOILY ,30
569866,GROW A FLYTRAP OR SUNFLOWER IN TIN,24
569866,JUMBO BAG VINTAGE DOILY ,20
569866,CHARLOTTE BAG SUKI DESIGN,10
569866,RED RETROSPOT CHARLOTTE BAG,20
569866,GROW YOUR OWN FLOWERS SET OF 3,1
569866,WOODEN HEART CHRISTMAS SCANDINAVIAN,1
569866,GREY HEART HOT WATER BOTTLE,2
569866,WATERING CAN GARDEN MARKER,3
569866,RETROSPOT HEART HOT WATER BOTTLE,1
569866,CHICK GREY HOT WATER BOTTLE,4
569866,GREY HEART HOT WATER BOTTLE,3
569866,LUNCH BAG PINK POLKADOT,20
569866,BUNDLE OF 3 ALPHABET EXERCISE BOOKS,2
569866,HANGING QUILTED PATCHWORK APPLES,12
569866,BIRD HOUSE HOT WATER BOTTLE,2
569866,CHOCOLATE HOT WATER BOTTLE,2
569866,RETROSPOT HEART HOT WATER BOTTLE,4
569866,PRETTY HANGING QUILTED HEARTS,12
569866,BAKING SET 9 PIECE RETROSPOT ,2
569866,RETROSPOT TEA SET CERAMIC 11 PC ,2
569866,RETROSPOT WOODEN HEART DECORATION,1
569866,NATURAL HANGING QUILTED HEARTS ,12
569866,SKETCHBOOK MAGNETIC SHOPPING LIST,2
569866,PANTRY MAGNETIC  SHOPPING LIST,2
569866,ENGLISH ROSE GARDEN SECATEURS,2
569866,CHOCOLATE BOX RIBBONS ,2
569866,TRADITIONAL CHRISTMAS RIBBONS,4
569866,ROMANTIC PINKS RIBBONS ,2
569866,SET OF 5 PANCAKE DAY MAGNETS,4
569866,SET OF 5 MINI GROCERY MAGNETS,3
569866,SET OF 4 JAM JAR MAGNETS,5
569866,SMALL FOLDING SCISSOR(POINTED EDGE),12
569866,RED HEART LUGGAGE TAG,2
569866,GOLD FABRIC MIRROR,4
569866,PINK ROSE FABRIC MIRROR,4
569866,SILVER FABRIC MIRROR,4
569866,BLUE ROSE FABRIC MIRROR,4
569866,FUNKY DIVA PEN,12
569866,WOODEN HEART CHRISTMAS SCANDINAVIAN,14
569866,12 PENCILS SMALL TUBE RED RETROSPOT,3
569866,SET 12 COLOUR PENCILS SPACEBOY ,2
569866,12 PENCIL SMALL TUBE WOODLAND,3
569866,RETROSPOT WOODEN HEART DECORATION,5
569866,SET 12 COLOUR PENCILS LOVE LONDON,1
569866,SET 12 COLOURING PENCILS DOILY,2
569866,SET 36 COLOURING PENCILS DOILY,2
569866,SET 12 COLOUR PENCILS LOVE LONDON,1
569866,PACK OF 12 RED RETROSPOT TISSUES ,12
569866,PACK OF 12 VINTAGE DOILY TISSUES,12
569866,PACK OF 12 HEARTS DESIGN TISSUES ,12
569866,PACK OF 12 PAISLEY PARK TISSUES ,12
569866,PACK OF 12 BLUE PAISLEY TISSUES ,12
569866,PACK OF 12 PINK PAISLEY TISSUES ,12
569866,PACK OF 12 LONDON TISSUES ,12
569866,OVERNIGHT BAG VINTAGE ROSE PAISLEY,4
569866,Manual,2
569866,BUNDLE OF 3 ALPHABET EXERCISE BOOKS,1
569866,BUNDLE OF 3 RETRO NOTE BOOKS,1
569866,SMALL PURPLE BABUSHKA NOTEBOOK ,1
569866,SMALL YELLOW BABUSHKA NOTEBOOK ,2
569866,SMALL RED BABUSHKA NOTEBOOK ,2
569866,ABSTRACT CIRCLE JOURNAL ,1
569866,BLUE PAISLEY JOURNAL ,1
569866,12 PENCILS TALL TUBE RED RETROSPOT,2
569866,SET 12 COLOUR PENCILS DOLLY GIRL ,2
569866,12 PENCILS TALL TUBE POSY,2
569866,SET 36 COLOUR PENCILS LOVE LONDON,2
569866,BUNDLE OF 3 RETRO NOTE BOOKS,1
569866,SMALL PURPLE BABUSHKA NOTEBOOK ,1
569866,MADRAS NOTEBOOK MEDIUM,3
569866,HEART CALCULATOR,2
569866,SET OF 3 NOTEBOOKS IN PARCEL,3
569866,FAIRY CAKES NOTEBOOK A6 SIZE,2
569866,FAIRY CAKES NOTEBOOK A7 SIZE,2
569866,ENGLISH ROSE NOTEBOOK A7 SIZE,2
569866,TRAVEL CARD WALLET RETROSPOT,2
569866,TRAVEL CARD WALLET SUKI,2
569866,TRAVEL CARD WALLET KEEP CALM,2
569866,TRAVEL CARD WALLET VINTAGE LEAF,2
569866,CHRISTMAS TREE HEART DECORATION,15
569866,HEART WOODEN CHRISTMAS DECORATION,1
569866,HEART DECORATION PAINTED ZINC ,1
569866,ANGEL DECORATION PAINTED ZINC ,4
569866,STAR DECORATION PAINTED ZINC ,6
569866,WOODEN TREE CHRISTMAS SCANDINAVIAN,6
569866,CHRISTMAS RETROSPOT TREE WOOD,6
569866,SWALLOW WOODEN CHRISTMAS DECORATION,5
569866,CHRISTMAS TREE PAINTED ZINC ,6
569866,SET OF 3 WOODEN HEART DECORATIONS,1
569866,SET OF 3 WOODEN TREE DECORATIONS,4
569866,CHRISTMAS RETROSPOT ANGEL WOOD,6
569866,WOODEN HEART CHRISTMAS SCANDINAVIAN,6
569866,STAR WOODEN CHRISTMAS DECORATION,7
569866,HEART WOODEN CHRISTMAS DECORATION,16
569866,CHRISTMAS RETROSPOT STAR WOOD,6
569866,ROCKING HORSE GREEN CHRISTMAS ,6
569866,ROCKING HORSE RED CHRISTMAS ,6
569866,ADVENT CALENDAR GINGHAM SACK,2
569866,SET OF 3 WOODEN HEART DECORATIONS,6
569866,PLAYING CARDS VINTAGE DOILY ,2
569866,PLAYING CARDS KEEP CALM & CARRY ON,2
569866,RIBBON REEL CHRISTMAS PRESENT ,5
569866,STAR T-LIGHT HOLDER WILLIE WINKIE,3
569866,HEART T-LIGHT HOLDER WILLIE WINKIE,3
569866,TREE T-LIGHT HOLDER WILLIE WINKIE,3
569866,SET OF 20 KIDS COOKIE CUTTERS,3
569866,SET3 BOOK BOX GREEN GINGHAM FLOWER ,4
569866,SET OF 4 KNICK KNACK TINS LEAF,1
569866,SET OF 4 KNICK KNACK TINS LONDON ,1
569866,SET OF 4 KNICK KNACK TINS POPPIES,1
569866,BLUE PAISLEY JOURNAL ,1
569866,DAISY JOURNAL ,1
569866,BLUE PAISLEY SKETCHBOOK,2
569866,CHRYSANTHEMUM  JOURNAL,2
569866,GARDEN PATH JOURNAL,2
569866,GARDEN PATH SKETCHBOOK,2
569866,BLUE PAISLEY JOURNAL ,1
569866,CHRYSANTHEMUM NOTEBOOK,2
569866,GREEN FERN POCKET BOOK,3
569866,BLUE PAISLEY POCKET BOOK,3
569866,GARDEN PATH POCKET BOOK,3
569866,3D TRADITIONAL CHRISTMAS STICKERS,1
569866,SET OF 6 RIBBONS VINTAGE CHRISTMAS,5
569866,BISCUIT TIN 50'S CHRISTMAS,6
569866,RED GINGHAM ROSE JEWELLERY BOX,1
569866,STORAGE TIN VINTAGE DOILY ,6
569866,SET OF 4 KNICK KNACK TINS DOILY ,6
569866,CHERRY BLOSSOM  DECORATIVE FLASK,2
569866,CHRISTMAS CRAFT LITTLE FRIENDS,4
569866,SET/3 RED GINGHAM ROSE STORAGE BOX,4
569866,VINTAGE CHRISTMAS GIFT SACK,4
569866,JUMBO BAG 50'S CHRISTMAS ,30
569866,JUMBO BAG VINTAGE CHRISTMAS ,10
569866, 50'S CHRISTMAS GIFT BAG LARGE,20
569866,50'S CHRISTMAS PAPER GIFT BAG,20
569866,PACK OF 12 50'S CHRISTMAS TISSUES,12
569866,6 GIFT TAGS 50'S CHRISTMAS ,4
569866,RIBBON REEL CHRISTMAS SOCK BAUBLE,5
569866,CARD HOLDER LOVE BIRD SMALL,1
569866,WOODEN SCHOOL COLOURING SET,1
569866,VINTAGE LEAF MAGNETIC NOTEPAD,2
569866,WHITE WOOD GARDEN PLANT LADDER,1
569866,CARD HOLDER LOVE BIRD LARGE ,1
569866,6 GIFT TAGS VINTAGE CHRISTMAS ,4
569866,3D TRADITIONAL CHRISTMAS STICKERS,2
569866,ROLL WRAP 50'S CHRISTMAS,2
569866,ROLL WRAP 50'S RED CHRISTMAS ,2
569866,ROLL WRAP VINTAGE SPOT ,2
569870,SET OF 4 KNICK KNACK TINS POPPIES,1
569870,SET OF 4 KNICK KNACK TINS LONDON ,1
569870,SET OF 4 KNICK KNACK TINS LEAF,1
569870,OVERNIGHT BAG VINTAGE ROSE PAISLEY,1
569870,LUNCH BAG ALPHABET DESIGN,3
569870,LUNCH BAG CARS BLUE,4
569870,SET 12 COLOURING PENCILS DOILY,1
569870,REGENCY TEA STRAINER,1
569870,GARDEN PATH POCKET BOOK,3
569870,BLUE PAISLEY POCKET BOOK,3
569870,GREEN FERN POCKET BOOK,3
569870,CHRYSANTHEMUM NOTEBOOK,1
569870,COSMETIC BAG VINTAGE ROSE PAISLEY,2
569870,PLAYING CARDS KEEP CALM & CARRY ON,2
569870,SPACEBOY MINI BACKPACK,2
569870,WOODLAND MINI BACKPACK,2
569870,DOLLY GIRL MINI BACKPACK,2
569870,PLAYING CARDS I LOVE LONDON ,2
569870,SET OF 3 NOTEBOOKS IN PARCEL,1
569870,TRAVEL CARD WALLET SUKI,2
569870,TRAVEL CARD WALLET RETROSPOT,2
569870,TRAVEL CARD WALLET KEEP CALM,2
569870,PLAYING CARDS VINTAGE DOILY ,2
569870,TRAVEL CARD WALLET VINTAGE LEAF,2
569870,PLASTERS IN TIN CIRCUS PARADE ,1
569870,PLASTERS IN TIN STRONGMAN,1
569870,HEART CALCULATOR,2
569870,PLASTERS IN TIN VINTAGE PAISLEY ,2
569870,ENGLISH ROSE NOTEBOOK A7 SIZE,2
569870,SET 12 COLOUR PENCILS LOVE LONDON,1
569870,SET 12 COLOUR PENCILS SPACEBOY ,1
569870,SET 12 COLOUR PENCILS DOLLY GIRL ,1
569870,PLASTERS IN TIN WOODLAND ANIMALS,1
569870,PLASTERS IN TIN SPACEBOY,2
569870,LUNCH BAG VINTAGE DOILY ,3
569870,LUNCH BAG SPACEBOY DESIGN ,2
569870,LUNCH BAG PINK POLKADOT,3
569870,CHARLOTTE BAG PINK POLKADOT,3
569870,CHARLOTTE BAG VINTAGE ALPHABET ,3
569870,RED RETROSPOT CHARLOTTE BAG,3
569870,CABIN BAG VINTAGE RETROSPOT,1
570499,BLUE POLKADOT CUP,8
570499,PINK  POLKADOT CUP,8
570499,RED RETROSPOT PUDDING BOWL,4
570499,SET OF 72 RETROSPOT PAPER  DOILIES,12
570499,CHILDRENS CUTLERY POLKADOT BLUE,4
570499,CHILDRENS CUTLERY POLKADOT PINK,4
570499,SET/20 RED RETROSPOT PAPER NAPKINS ,12
570499,PACK OF 20 NAPKINS PANTRY DESIGN,12
570499,CLASSIC METAL BIRDCAGE PLANT HOLDER,1
570499,HANGING METAL HEART LANTERN,12
570499,MIRROR MOSAIC T-LIGHT HOLDER ROUND,6
570499,AGED GLASS SILVER T-LIGHT HOLDER,12
570499,RETROSPOT CANDLE  LARGE,12
570499,RED RETROSPOT WRAP ,25
570499,PINK POLKADOT WRAP ,25
570499,BLUE POLKADOT WRAP,25
570499,WRAP ENGLISH ROSE ,25
570499,WHITE CANDYSTUFT ARTIFICIAL FLOWER,24
570499,PHOTO FRAME CORNICE,8
570499,TRIPLE PHOTO FRAME CORNICE ,2
570499,FAMILY PHOTO FRAME CORNICE,2
570499,PLASTERS IN TIN WOODLAND ANIMALS,12
570499,36 PENCILS TUBE WOODLAND,16
570499,12 PENCILS TALL TUBE WOODLAND,12
570499,12 PENCILS TALL TUBE RED RETROSPOT,12
570499,BAKING SET 9 PIECE RETROSPOT ,3
570499,RETROSPOT TEA SET CERAMIC 11 PC ,3
570499,LUNCH BAG RED RETROSPOT,10
570499,MOROCCAN BEATEN METAL DISH LARGE,1
570499,LE GRAND TRAY CHIC SET,1
570499,PHARMACIE FIRST AID TIN,2
570499,SMALL HEART MEASURING SPOONS,12
570499,GLASS  SONGBIRD STORAGE JAR,1
570499,T-LIGHT HOLDER HANGING LACE,12
570499,ZINC FOLKART SLEIGH BELLS,12
570499,WOODEN HEART CHRISTMAS SCANDINAVIAN,12
570499,WOODEN STAR CHRISTMAS SCANDINAVIAN,12
570499,WOODEN TREE CHRISTMAS SCANDINAVIAN,12
570499,CHRISTMAS GINGHAM TREE,12
570499,CHRISTMAS RETROSPOT STAR WOOD,12
570499,CHRISTMAS GINGHAM STAR,12
570499,FOLKART ZINC HEART CHRISTMAS DEC,12
570499,ROCKING HORSE RED CHRISTMAS ,12
570499,CHRISTMAS CRAFT TREE TOP ANGEL,6
570499,PARTY CONE CHRISTMAS DECORATION ,12
570499,"SET 3 RETROSPOT TEA,COFFEE,SUGAR",4
570499,SET OF 3 HEART COOKIE CUTTERS,12
570499,SET/2 RED RETROSPOT TEA TOWELS ,6
570499,RED RETROSPOT OVEN GLOVE ,10
570499,PACK OF 72 RETROSPOT CAKE CASES,24
570499,PACK OF 60 PINK PAISLEY CAKE CASES,24
570499,RED RETROSPOT ROUND CAKE TINS,1
570499,CAKE STAND WHITE TWO TIER LACE,2
570499,CAKE STAND LOVEBIRD 2 TIER WHITE,2
570499,POSTAGE,5
570964,RECIPE BOX RETROSPOT ,6
570964,HOT WATER BOTTLE KEEP CALM,8
570964,RETROSPOT HEART HOT WATER BOTTLE,9
570964,FAWN BLUE HOT WATER BOTTLE,12
570964,HOT WATER BOTTLE SEX BOMB,4
570964,HAND WARMER RED LOVE HEART,12
570964,PACK OF 72 RETROSPOT CAKE CASES,48
570964,NATURAL SLATE HEART CHALKBOARD ,18
570964,WRAP PAISLEY PARK ,25
570964,PINK POLKADOT WRAP ,25
570964,BLUE POLKADOT WRAP,25
570964,WRAP 50'S  CHRISTMAS,25
570964,CHRISTMAS CRAFT TREE TOP ANGEL,12
570964,WOODEN HEART CHRISTMAS SCANDINAVIAN,12
570964,WOODEN STAR CHRISTMAS SCANDINAVIAN,12
570964,WOODEN TREE CHRISTMAS SCANDINAVIAN,12
570964,CHRISTMAS RETROSPOT ANGEL WOOD,12
570964,CHRISTMAS RETROSPOT STAR WOOD,12
570964,FELTCRAFT CHRISTMAS FAIRY,8
570964,SET OF 6 NATIVITY MAGNETS ,12
570964,BOX OF 6 MINI 50'S CRACKERS,12
570964,6 GIFT TAGS VINTAGE CHRISTMAS ,12
570964,50'S CHRISTMAS PAPER GIFT BAG,20
570964,6 GIFT TAGS 50'S CHRISTMAS ,24
570964, 50'S CHRISTMAS GIFT BAG LARGE,24
570964,RED RETROSPOT WRAP ,50
570964,SET OF 72 RETROSPOT PAPER  DOILIES,12
570964,BAKING SET 9 PIECE RETROSPOT ,6
570964,RETROSPOT TEA SET CERAMIC 11 PC ,12
570964,HAND WARMER RED RETROSPOT,12
570964,PINK PAISLEY ROSE GIFT WRAP,25
570964,BLUE SCANDINAVIAN PAISLEY WRAP,25
570964,WRAP GINGHAM ROSE ,25
570964,WRAP RED VINTAGE DOILY,25
570964,WRAP ENGLISH ROSE ,25
570964,GIANT 50'S CHRISTMAS CRACKER,12
570964, RED SPOT GIFT BAG LARGE,24
570964,OFFICE MUG WARMER POLKADOT,12
570964,OFFICE MUG WARMER CHOC+BLUE,12
570964,OFFICE MUG WARMER BLACK+SILVER ,12
570964,OFFICE MUG WARMER PINK,12
570964,JUMBO SHOPPER VINTAGE RED PAISLEY,10
570964,JUMBO BAG 50'S CHRISTMAS ,10
570964,WOODEN BOX OF DOMINOES,12
570964,BINGO SET,4
570964,RED  HARMONICA IN BOX ,24
570964,BLUE HARMONICA IN BOX ,12
570964,4 TRADITIONAL SPINNING TOPS,12
570964,SET OF 6 SOLDIER SKITTLES,4
570964,FELTCRAFT DOLL MOLLY,6
570964,PLASTERS IN TIN VINTAGE PAISLEY ,12
570964,RED SPOT PAPER GIFT BAG,10
570964,TV DINNER TRAY DOLLY GIRL,3
570964,PLASTERS IN TIN SPACEBOY,12
570964,BOX OF VINTAGE JIGSAW BLOCKS ,9
570964,SMALL IVORY HEART WALL ORGANISER,3
570964,PRETTY HANGING QUILTED HEARTS,12
570964,NATURAL HANGING QUILTED HEARTS ,12
570964,RED SPOTTY BISCUIT TIN,6
570964,RED RETROSPOT UMBRELLA,3
570964,CHRISTMAS CRAFT LITTLE FRIENDS,6
571188,CARD MOTORBIKE SANTA,12
571188,WOOD BLACK BOARD ANT WHITE FINISH,2
571188, NINE DRAWER OFFICE TIDY,1
571188,WOODEN FRAME ANTIQUE WHITE ,6
571188,FOOT STOOL HOME SWEET HOME ,2
571188,DOORMAT KEEP CALM AND COME IN,2
571188,DOORMAT WELCOME TO OUR HOME,2
571188,DOORMAT WELCOME PUPPIES,2
571188,METAL SIGN TAKE IT OR LEAVE IT ,6
571188,PLEASE ONE PERSON METAL SIGN,12
571188,OPEN CLOSED METAL SIGN,2
571188,GIN + TONIC DIET METAL SIGN,12
571188,SET OF 5 PANCAKE DAY MAGNETS,12
571188,FRIDGE MAGNETS US DINER ASSORTED,12
571188,ALARM CLOCK BAKELIKE RED ,4
571188,ALARM CLOCK BAKELIKE GREEN,4
571188,RED DINER WALL CLOCK,2
571188,IVORY DINER WALL CLOCK,2
571188,MINT DINER WALL CLOCK,2
571188,BLUE REFECTORY CLOCK ,2
571188,RED KITCHEN SCALES,2
571188,GLAMOROUS  MUG,12
571188,GLASS APOTHECARY BOTTLE PERFUME,4
571188,SCOTTIE DOG HOT WATER BOTTLE,3
571188,PACK OF 6 SWEETIE GIFT BOXES,6
571188,LIPSTICK PEN RED,12
571188,BOX OF VINTAGE JIGSAW BLOCKS ,3
571188,WORLD WAR 2 GLIDERS ASSTD DESIGNS,48
571188,BAKING SET 9 PIECE RETROSPOT ,3
571188,BAKING SET SPACEBOY DESIGN,3
571188,PAPERWEIGHT KINGS CHOICE ,6
571188,EDWARDIAN PHOTO FRAME,2
571188,EAU DE NILE JEWELLED PHOTOFRAME,6
571188,POSTAGE,4
571324,Manual,1
C571325,Manual,-1
571326,Manual,1
C571327,Manual,-1
571477,TEATIME ROUND PENCIL SHARPENER ,24
571477,STRAWBERRY CERAMIC TRINKET BOX,36
571477,ICE CREAM SUNDAE LIP GLOSS,24
571477,DOUGHNUT LIP GLOSS ,20
571477,ICE CREAM PEN LIP GLOSS ,24
571477,SET OF 5 PANCAKE DAY MAGNETS,12
571477,ICE CREAM BUBBLES,20
571477,FAIRY CAKE BIRTHDAY CANDLE SET,4
571477,HOMEMADE JAM SCENTED CANDLES,12
571477,CERAMIC CAKE BOWL + HANGING CAKES,6
571477,CERAMIC CAKE DESIGN SPOTTED PLATE,12
571477,TEA TIME TEAPOT IN GIFT BOX,12
571477,FAIRY CAKE FLANNEL ASSORTED COLOUR,18
571477,PARTY CONES CANDY ASSORTED,12
571477,BLUE PARTY BAGS ,18
571477,SET 6 FOOTBALL CELEBRATION CANDLES,12
571477,STRIPEY CHOCOLATE NESTING BOXES,12
571477,LARGE STRIPES CHOCOLATE GIFT BAG,16
571477,6 GIFT TAGS 50'S CHRISTMAS ,12
571477,PACK OF 6 PANNETONE GIFT BOXES,6
571477,JAM MAKING SET PRINTED,12
571477,NATURAL SLATE RECTANGLE CHALKBOARD,12
571477,LAVENDER SCENT CAKE CANDLE,24
571477,SET OF 3 CAKE TINS PANTRY DESIGN ,3
571477,CERAMIC CAKE STAND + HANGING CAKES,2
571901,CABIN BAG VINTAGE RETROSPOT,2
571901,CABIN BAG VINTAGE PAISLEY,3
572680,AFGHAN SLIPPER SOCK PAIR,3
572680,FLORAL FOLK STATIONERY SET,2
572680,PLASTERS IN TIN VINTAGE PAISLEY ,5
572680,TRADTIONAL ALPHABET STAMP SET,1
572680,PLASTERS IN TIN WOODLAND ANIMALS,5
572680,PLASTERS IN TIN SPACEBOY,6
572680,BLACK/BLUE POLKADOT UMBRELLA,4
572680,RED RETROSPOT UMBRELLA,4
572680,SET OF 20 KIDS COOKIE CUTTERS,1
572680,BLUE POLKADOT BEAKER ,6
572680,RED POLKADOT BEAKER ,6
572680,SET OF 3 BUTTERFLY COOKIE CUTTERS,1
572680,SET OF 3 HEART COOKIE CUTTERS,1
572680,PING MICROWAVE APRON,5
572680,SET OF 3 CAKE TINS SKETCHBOOK,3
572680,DOG BOWL VINTAGE CREAM,1
572680,VINTAGE SEASIDE JIGSAW PUZZLES,2
572680,VINTAGE SNAKES & LADDERS,2
572680,SMALL RED RETROSPOT MUG IN BOX ,4
572680,SMALL WHITE RETROSPOT MUG IN BOX ,2
572680,SET OF 10 LANTERNS FAIRY LIGHT STAR,4
572680,COTTON APRON PANTRY DESIGN,2
572680,COSY HOUR CIGAR BOX MATCHES ,10
572680,PLAYING CARDS VINTAGE DOILY ,5
572680,HEADS AND TAILS SPORTING FUN,1
572680,VINTAGE SNAP CARDS,5
572680,GINGHAM RECIPE BOOK BOX,3
572680,SILVER HEARTS TABLE DECORATION,2
572680,SILVER STARS TABLE DECORATION,2
572680,DINOSAUR LUNCH BOX WITH CUTLERY,1
572680,SKULL LUNCH BOX WITH CUTLERY ,2
572680,GRASS HOPPER WOODEN WALL CLOCK ,4
572680,HEART CALCULATOR,8
572680,WOODEN SCHOOL COLOURING SET,9
572680,BISCUIT TIN VINTAGE RED,1
572680,ROUND CAKE TIN VINTAGE RED,1
572680,SET/5 RED RETROSPOT LID GLASS BOWLS,3
572680,ROLL WRAP VINTAGE CHRISTMAS,4
572680,ROLL WRAP 50'S CHRISTMAS,5
574099,OVAL  MINI PORTRAIT FRAME,8
574099,VINTAGE DOILY TRAVEL SEWING KIT,10
574099,JUMBO BAG PAISLEY PARK,10
574099,LUNCH BAG PAISLEY PARK  ,10
574099,JUMBO BAG PINK POLKADOT,10
574099,JUMBO BAG 50'S CHRISTMAS ,10
574099,DOLLY GIRL MINI BACKPACK,4
574099,SPACEBOY MINI BACKPACK,4
574099,OVERNIGHT BAG VINTAGE ROSE PAISLEY,3
574099,WHITE WOOD GARDEN PLANT LADDER,1
574099,RED RETROSPOT PEG BAG,6
574099,SET OF 6 SOLDIER SKITTLES,4
574844,ICON PLACEMAT POP ART ELVIS,24
574844,SET OF 4 ENGLISH ROSE PLACEMATS,8
574844,EMBROIDERED RIBBON REEL EMILY ,6
574844,EMBROIDERED RIBBON REEL SALLY ,6
574844,EMBROIDERED RIBBON REEL ROSIE,6
574844,ANT SILVER TURQUOISE BOUDICCA RING,6
574844,ANT SILVER LIME GREEN BOUDICCA RING,6
574844,PACK OF SIX LED TEA LIGHTS,6
574844,SET OF 10 LED DOLLY LIGHTS,4
574844,EMPIRE UNION JACK TV DINNER TRAY,3
574844,RIBBON REEL MAKING SNOWMEN ,10
574844,TV DINNER TRAY AIR HOSTESS ,3
574844,POSTAGE,1
575743,JUMBO BAG PAISLEY PARK,30
575743,VINTAGE DOILY JUMBO BAG RED ,30
575743,LUNCH BAG PAISLEY PARK  ,30
575743,LUNCH BAG RED RETROSPOT,30
575743,HEART CALCULATOR,12
575743,GREY HEART HOT WATER BOTTLE,4
575743,LUNCH BAG RED VINTAGE DOILY,30
576257,LUNCH BAG VINTAGE DOILY ,30
576269,GLASS APOTHECARY BOTTLE TONIC,4
576269,GLASS APOTHECARY BOTTLE ELIXIR,4
576269,SET OF 36 DOLLY GIRL PAPER DOILIES,12
576269,SET OF 72 RETROSPOT PAPER  DOILIES,12
576269,SET OF 72 PINK HEART PAPER DOILIES,12
576269,CLOTHES PEGS RETROSPOT PACK 24 ,12
576269,CHILLI LIGHTS,4
576269,FRIDGE MAGNETS LES ENFANTS ASSORTED,12
576269,FRIDGE MAGNETS LA VIE EN ROSE,12
576269,DOORMAT AIRMAIL ,2
576269,FAIRY TALE COTTAGE NIGHT LIGHT,12
576269,RABBIT NIGHT LIGHT,12
576269,BAKING SET 9 PIECE RETROSPOT ,3
576269,RETROSPOT TEA SET CERAMIC 11 PC ,24
576269,VINTAGE HEADS AND TAILS CARD GAME ,12
576269,ABC TREASURE BOOK BOX ,8
576269,GYMKHANA TREASURE BOOK BOX,8
576269,LIPSTICK PEN RED,12
576269,LIPSTICK PEN FUSCHIA,12
576269,GLASS APOTHECARY BOTTLE PERFUME,4
576269,POSTAGE,2
576895,REGENCY CAKESTAND 3 TIER,2
576895,RED RETROSPOT CAKE STAND,3
577618,FAIRY CAKE BIRTHDAY CANDLE SET,4
577618,CHERRY BLOSSOM  DECORATIVE FLASK,4
577618,REGENCY CAKESTAND 3 TIER,4
577618,RED KITCHEN SCALES,2
577618,PLASTERS IN TIN STRONGMAN,12
577618,BOX OF 6 CHRISTMAS CAKE DECORATIONS,8
577618,REGENCY TEAPOT ROSES ,2
577618,WOODEN ADVENT CALENDAR RED,6
577618,RABBIT NIGHT LIGHT,6
577618,ROSES REGENCY TEACUP AND SAUCER ,6
577618,SUNFLOWER DECORATIVE PARASOL,3
577618,ENAMEL WATERING CAN CREAM,4
577618,TV DINNER TRAY AIR HOSTESS ,3
577618,POSTAGE,4
578463,SET OF 4 KNICK KNACK TINS LONDON ,6
578463,SET OF 4 KNICK KNACK TINS POPPIES,6
578463,SET OF 4 KNICK KNACK TINS DOILY ,6
578463,LUNCH BAG SUKI DESIGN ,10
578463,LUNCH BAG DOLLY GIRL DESIGN,10
578463,SET 12 COLOUR PENCILS SPACEBOY ,16
578463,SET 12 COLOUR PENCILS DOLLY GIRL ,16
578463,SET OF 20 KIDS COOKIE CUTTERS,12
578463,SKETCHBOOK MAGNETIC SHOPPING LIST,12
578463,PANTRY MAGNETIC  SHOPPING LIST,12
578463,PLASTERS IN TIN SPACEBOY,12
578463,PLASTERS IN TIN WOODLAND ANIMALS,12
578463,PLASTERS IN TIN VINTAGE PAISLEY ,12
578463,PLASTERS IN TIN CIRCUS PARADE ,12
578463,GREY HEART HOT WATER BOTTLE,4
578463,POSTAGE,2
578488,VINTAGE DOILY JUMBO BAG RED ,10
578488,JUMBO BAG VINTAGE DOILY ,10
578488,BLUE SCANDINAVIAN PAISLEY WRAP,25
578488,JUMBO BAG SCANDINAVIAN BLUE PAISLEY,10
578488,JUMBO BAG PAISLEY PARK,10
578488,SWEETHEART RECIPE BOOK STAND,1
578488,RED SPOTTY BISCUIT TIN,2
578488,SKETCHBOOK MAGNETIC SHOPPING LIST,4
578488,PACK OF 60 DINOSAUR CAKE CASES,1
578488,SOAP DISH BROCANTE,1
578488,PLASTERS IN TIN SPACEBOY,5
578488,PLASTERS IN TIN VINTAGE PAISLEY ,4
578488,PLASTERS IN TIN CIRCUS PARADE ,3
578488,PLASTERS IN TIN STRONGMAN,1
578488,PLASTERS IN TIN WOODLAND ANIMALS,7
578488,SET OF 3 BUTTERFLY COOKIE CUTTERS,2
578488,SET OF 6 HERB TINS SKETCHBOOK,1
578488,RIBBON REEL POLKADOTS ,5
578488,SET/5 RED RETROSPOT LID GLASS BOWLS,2
578488,ZINC WIRE KITCHEN ORGANISER,1
578488,SET OF 36 PAISLEY FLOWER DOILIES,1
578488,SET OF 36 TEATIME PAPER DOILIES,1
578488,RED SPOTTY BISCUIT TIN,1
578488,RETROSPOT TEA SET CERAMIC 11 PC ,1
578488,RIBBON REEL LACE DESIGN ,5
578488,SET OF 4 KNICK KNACK TINS DOILY ,1
578488,SET OF 3 HANGING OWLS OLLIE BEAK,24
578488,SET OF 2 CERAMIC PAINTED HEARTS ,12
578488,LARGE HEART MEASURING SPOONS,1
578488,JUMBO BAG PAISLEY PARK,10
578488,JUMBO BAG VINTAGE DOILY ,10
578488,72 SWEETHEART FAIRY CAKE CASES,1
578488,SMALL HEART MEASURING SPOONS,1
578488,RED LOVE HEART SHAPE CUP,1
578488,HEART CALCULATOR,1
578488,LUNCH BAG PAISLEY PARK  ,10
578488,LUNCH BAG VINTAGE DOILY ,10
578488,SWEETHEART RECIPE BOOK STAND,2
578488,SET OF 2 TEA TOWELS APPLE AND PEARS,1
578488,RIBBON REEL STRIPES DESIGN ,5
578488,SKETCHBOOK MAGNETIC SHOPPING LIST,2
578488,BLUE POLKADOT WASHING UP GLOVES,2
578488,JAM MAKING SET PRINTED,24
578488,36 FOIL HEART CAKE CASES,1
578488,POCKET BAG BLUE PAISLEY RED SPOT,12
578488,ASSORTED COLOUR BIRD ORNAMENT,8
578488,CALENDAR IN SEASON DESIGN,1
578488,PACK OF 60 PINK PAISLEY CAKE CASES,3
578488,TEA TIME OVEN GLOVE,1
578488,RED RETROSPOT OVEN GLOVE ,1
578488,TV DINNER TRAY VINTAGE PAISLEY,5
578488,RED RETROSPOT CAKE STAND,1
578488,CLOTHES PEGS RETROSPOT PACK 24 ,8
578488,SET OF 72 PINK HEART PAPER DOILIES,1
578488,RETROSPOT SMALL TUBE MATCHES,6
578488,ROCKING HORSE GREEN CHRISTMAS ,5
578488,ROCKING HORSE RED CHRISTMAS ,5
578488,IVORY WICKER HEART MEDIUM,8
579790,POSTAGE,2
580153,CLOTHES PEGS RETROSPOT PACK 24 ,12
580153,FRIDGE MAGNETS LA VIE EN ROSE,120
580153,FRIDGE MAGNETS LES ENFANTS ASSORTED,120
580153,FRIDGE MAGNETS US DINER ASSORTED,120
580153,MAGNETS PACK OF 4 VINTAGE LABELS ,12
580153,MAGNETS PACK OF 4 VINTAGE COLLAGE,12
580153,MAGNETS PACK OF 4 SWALLOWS,12
580153,MAGNETS PACK OF 4 HOME SWEET HOME,12
580153,MAGNETS PACK OF 4 RETRO PHOTO,12
580153,MAGNETS PACK OF 4 CHILDHOOD MEMORY,12
580153,METAL SIGN EMPIRE TEA,12
580153,"AIRLINE LOUNGE,METAL SIGN",12
580153,BEWARE OF THE CAT METAL SIGN ,12
580153,HOME SWEET HOME METAL SIGN ,12
580153,METAL DECORATION NAUGHTY CHILDREN ,48
580153,PARTY METAL SIGN ,12
580153,TOILET METAL SIGN,12
580153,BATHROOM METAL SIGN,12
580153,OPEN CLOSED METAL SIGN,12
580153,GIN AND TONIC DIET METAL SIGN,12
580153,CHOCOLATE THIS WAY METAL SIGN,48
580153,METAL SIGN DROP YOUR PANTS,12
580153,COOK WITH WINE METAL SIGN ,12
580153,HAND OVER THE CHOCOLATE   SIGN ,12
580153,PLEASE ONE PERSON METAL SIGN,12
580153,N0 SINGING METAL SIGN,12
580153,METAL SIGN TAKE IT OR LEAVE IT ,6
580153,YOU'RE CONFUSING ME METAL SIGN ,12
580153,I'M ON HOLIDAY METAL SIGN,12
580153,POSTAGE,5
580153,BICYCLE PUNCTURE REPAIR KIT ,6
580153,SET OF 10 LED DOLLY LIGHTS,12
580153,FAIRY TALE COTTAGE NIGHT LIGHT,12
580153,RED TOADSTOOL LED NIGHT LIGHT,24
580153,RABBIT NIGHT LIGHT,48
580153,BAKING SET 9 PIECE RETROSPOT ,9
580153,BLUE HARMONICA IN BOX ,12
580153,WOOD STAMP SET BEST WISHES,12
580153,WOOD STAMP SET THANK YOU,12
580153,TRADTIONAL ALPHABET STAMP SET,4
580153,3 PIECE SPACEBOY COOKIE CUTTER SET,6
580153,GINGERBREAD MAN COOKIE CUTTER,12
580153,SET OF 3 HEART COOKIE CUTTERS,12
580153,SET OF 36 SPACEBOY PAPER DOILIES,12
580153,PACK OF 60 SPACEBOY CAKE CASES,24
580153,72 SWEETHEART FAIRY CAKE CASES,24
580153,60 CAKE CASES DOLLY GIRL DESIGN,24
580153,PACK OF 72 RETROSPOT CAKE CASES,24
580545,LAVENDER TOILETTE BOTTLE,12
580545,RED RETROSPOT MINI CASES,2
580545,HANGING HEART BONHEUR,12
580545,LUNCH BAG VINTAGE DOILY ,10
580545,RETROSPOT TEA SET CERAMIC 11 PC ,3
580545,TRADITIONAL NAUGHTS & CROSSES,12
580545,LUNCH BAG PAISLEY PARK  ,10
580545,SMALL PARLOUR PICTURE FRAME,6
580545,SET OF 10 LED DOLLY LIGHTS,2
580545,4 TRADITIONAL SPINNING TOPS,24
580545,TRADITIONAL WOODEN SKIPPING ROPE,12
580545,TRADITIONAL PICK UP STICKS GAME ,12
580545,CHARLOTTE BAG SUKI DESIGN,10
580545,POSTAGE,1
580734,LUNCH BAG RED RETROSPOT,20
580734,LUNCH BAG CARS BLUE,10
580734,LUNCH BAG PAISLEY PARK  ,30
580734,VINTAGE DOILY JUMBO BAG RED ,20
580734,JUMBO BAG PAISLEY PARK,30
580734,RED RETROSPOT SHOPPER BAG,10
580734,BAKING SET 9 PIECE RETROSPOT ,3
580734,RETROSPOT TEA SET CERAMIC 11 PC ,6
580734,JUMBO BAG RED RETROSPOT,20
580734,BOX OF 6 MINI 50'S CRACKERS,12
580734,SET/3 RED GINGHAM ROSE STORAGE BOX,4
580734,RETROSPOT HEART HOT WATER BOTTLE,6
580734,HOT WATER BOTTLE TEA AND SYMPATHY,4
580734,SET OF 10 LED DOLLY LIGHTS,2
580734,SET OF 20 KIDS COOKIE CUTTERS,12
580734,HOT WATER BOTTLE KEEP CALM,12
580734,HOT WATER BOTTLE SEX BOMB,8
580734,LOVE HOT WATER BOTTLE,6
580734,CHRISTMAS RETROSPOT ANGEL WOOD,12
580734,CHRISTMAS RETROSPOT STAR WOOD,12
580734,RETROSPOT WOODEN HEART DECORATION,24
580734,POSTAGE,4
C581128,JUMBO BAG RED RETROSPOT,-3
581182,GOLD PHOTO FRAME,12
581182,ROSE CARAVAN DOORSTOP,8
581182,LARGE CAKE TOWEL CHOCOLATE SPOTS,12
581182,GOLD FISHING GNOME,8
581182,FRYING PAN RED RETROSPOT,6
581182,MILK PAN RED RETROSPOT,6
581182,GROW YOUR OWN FLOWERS SET OF 3,12
581182,SET OF 2 ROUND TINS DUTCH CHEESE,12
581182,KNEELING MAT HOUSEWORK  DESIGN,24
581182,I'M ON HOLIDAY METAL SIGN,12
581182,COOK WITH WINE METAL SIGN ,12
581182,DOORMAT KEEP CALM AND COME IN,4
581182,DOORMAT AIRMAIL ,2
581182,DOORMAT HOME SWEET HOME BLUE ,2
581182,DOORMAT WELCOME TO OUR HOME,2
581182,POSTAGE,4
581182,SET OF 10 LED DOLLY LIGHTS,4
